contact_name,company,email,sectors,message,generated_at
Alex Johnson,Tech Ventures Fund,alex@techventures.com,"Technology, SaaS","Hi Alex Johnson,

I came across your profile and noticed your work with Tech Ventures Fund, particularly in the Technology, SaaS space.

Given your focus on Technology, SaaS, I thought there might be some synergy with our work in AI-powered deal sourcing and lead generation.

Would you be open to a brief connection to explore potential overlaps?

Best regards,
Sam Desigan
Agent Manager, Impact Quadrant
sam@impactquadrant.info",2026-02-23T16:27:09.382176
Maria Garcia,Real Estate Partners LLC,maria@rep.com,"Real Estate, Hospitality","Hi Maria Garcia,

I came across your profile and noticed your work with Real Estate Partners LLC, particularly in the Real Estate, Hospitality space.

Given your focus on Real Estate, Hospitality, I thought there might be some synergy with our work in AI-powered deal sourcing and lead generation.

Would you be open to a brief connection to explore potential overlaps?

Best regards,
Sam Desigan
Agent Manager, Impact Quadrant
sam@impactquadrant.info",2026-02-23T16:27:09.382353
David Chen,Growth Capital Inc,david@growthcapital.com,"Healthcare, Technology","Hi David Chen,

I came across your profile and noticed your work with Growth Capital Inc, particularly in the Healthcare, Technology space.

Given your focus on Healthcare, Technology, I thought there might be some synergy with our work in AI-powered deal sourcing and lead generation.

Would you be open to a brief connection to explore potential overlaps?

Best regards,
Sam Desigan
Agent Manager, Impact Quadrant
sam@impactquadrant.info",2026-02-23T16:27:09.382485
